anbieter_name,tarif_name,besonderheiten_json,geburtsjahr,summe_eur,beitrag_eur,einheit
Alte Leipziger,BV10,"{""prozent_bu"":50,""prognose_zeitraum_monate"":6,""verzicht_abstrakte_verweisung"":true,""dynamik"":true}",1974,1000,260.98,eur_monat
Alte Leipziger,BV10,"{""prozent_bu"":50,""prognose_zeitraum_monate"":6,""verzicht_abstrakte_verweisung"":true,""dynamik"":true}",1974,1500,391.47,eur_monat
Alte Leipziger,BV10,"{""prozent_bu"":50,""prognose_zeitraum_monate"":6,""verzicht_abstrakte_verweisung"":true,""dynamik"":true}",1974,2000,521.96,eur_monat
Alte Leipziger,BV10,"{""prozent_bu"":50,""prognose_zeitraum_monate"":6,""verzicht_abstrakte_verweisung"":true,""dynamik"":true}",1974,2500,652.46,eur_monat
Alte Leipziger,BV10,"{""prozent_bu"":50,""prognose_zeitraum_monate"":6,""verzicht_abstrakte_verweisung"":true,""dynamik"":true}",1974,3000,782.95,eur_monat
Allianz,SBU Schutz,"{""prozent_bu"":50,""prognose_zeitraum_monate"":6,""verzicht_abstrakte_verweisung"":true,""dynamik"":true}",1974,1000,298.27,eur_monat
Allianz,SBU Schutz,"{""prozent_bu"":50,""prognose_zeitraum_monate"":6,""verzicht_abstrakte_verweisung"":true,""dynamik"":true}",1974,1500,447.40,eur_monat
Allianz,SBU Schutz,"{""prozent_bu"":50,""prognose_zeitraum_monate"":6,""verzicht_abstrakte_verweisung"":true,""dynamik"":true}",1974,2000,596.53,eur_monat
Allianz,SBU Schutz,"{""prozent_bu"":50,""prognose_zeitraum_monate"":6,""verzicht_abstrakte_verweisung"":true,""dynamik"":true}",1974,2500,745.66,eur_monat
Allianz,SBU Schutz,"{""prozent_bu"":50,""prognose_zeitraum_monate"":6,""verzicht_abstrakte_verweisung"":true,""dynamik"":true}",1974,3000,894.80,eur_monat
AXA,BU Premium,"{""prozent_bu"":50,""prognose_zeitraum_monate"":6,""verzicht_abstrakte_verweisung"":true,""dynamik"":false}",1974,1000,323.12,eur_monat
AXA,BU Premium,"{""prozent_bu"":50,""prognose_zeitraum_monate"":6,""verzicht_abstrakte_verweisung"":true,""dynamik"":false}",1974,1500,484.68,eur_monat
AXA,BU Premium,"{""prozent_bu"":50,""prognose_zeitraum_monate"":6,""verzicht_abstrakte_verweisung"":true,""dynamik"":false}",1974,2000,646.24,eur_monat
AXA,BU Premium,"{""prozent_bu"":50,""prognose_zeitraum_monate"":6,""verzicht_abstrakte_verweisung"":true,""dynamik"":false}",1974,2500,807.80,eur_monat
AXA,BU Premium,"{""prozent_bu"":50,""prognose_zeitraum_monate"":6,""verzicht_abstrakte_verweisung"":true,""dynamik"":false}",1974,3000,969.36,eur_monat
ERGO,BU Best,"{""prozent_bu"":50,""prognose_zeitraum_monate"":6,""verzicht_abstrakte_verweisung"":true,""dynamik"":true}",1974,1000,310.69,eur_monat
ERGO,BU Best,"{""prozent_bu"":50,""prognose_zeitraum_monate"":6,""verzicht_abstrakte_verweisung"":true,""dynamik"":true}",1974,1500,466.04,eur_monat
ERGO,BU Best,"{""prozent_bu"":50,""prognose_zeitraum_monate"":6,""verzicht_abstrakte_verweisung"":true,""dynamik"":true}",1974,2000,621.39,eur_monat
ERGO,BU Best,"{""prozent_bu"":50,""prognose_zeitraum_monate"":6,""verzicht_abstrakte_verweisung"":true,""dynamik"":true}",1974,2500,776.73,eur_monat
ERGO,BU Best,"{""prozent_bu"":50,""prognose_zeitraum_monate"":6,""verzicht_abstrakte_verweisung"":true,""dynamik"":true}",1974,3000,932.08,eur_monat
Swiss Life,MetallRente.BU,"{""prozent_bu"":50,""prognose_zeitraum_monate"":6,""verzicht_abstrakte_verweisung"":true,""dynamik"":true}",1974,1000,279.62,eur_monat
Swiss Life,MetallRente.BU,"{""prozent_bu"":50,""prognose_zeitraum_monate"":6,""verzicht_abstrakte_verweisung"":true,""dynamik"":true}",1974,1500,419.44,eur_monat
Swiss Life,MetallRente.BU,"{""prozent_bu"":50,""prognose_zeitraum_monate"":6,""verzicht_abstrakte_verweisung"":true,""dynamik"":true}",1974,2000,559.25,eur_monat
Swiss Life,MetallRente.BU,"{""prozent_bu"":50,""prognose_zeitraum_monate"":6,""verzicht_abstrakte_verweisung"":true,""dynamik"":true}",1974,2500,699.06,eur_monat
Swiss Life,MetallRente.BU,"{""prozent_bu"":50,""prognose_zeitraum_monate"":6,""verzicht_abstrakte_verweisung"":true,""dynamik"":true}",1974,3000,838.87,eur_monat
Alte Leipziger,BV10,"{""prozent_bu"":50,""prognose_zeitraum_monate"":6,""verzicht_abstrakte_verweisung"":true,""dynamik"":true}",1978,1000,199.10,eur_monat
Alte Leipziger,BV10,"{""prozent_bu"":50,""prognose_zeitraum_monate"":6,""verzicht_abstrakte_verweisung"":true,""dynamik"":true}",1978,1500,298.65,eur_monat
Alte Leipziger,BV10,"{""prozent_bu"":50,""prognose_zeitraum_monate"":6,""verzicht_abstrakte_verweisung"":true,""dynamik"":true}",1978,2000,398.20,eur_monat
Alte Leipziger,BV10,"{""prozent_bu"":50,""prognose_zeitraum_monate"":6,""verzicht_abstrakte_verweisung"":true,""dynamik"":true}",1978,2500,497.76,eur_monat
Alte Leipziger,BV10,"{""prozent_bu"":50,""prognose_zeitraum_monate"":6,""verzicht_abstrakte_verweisung"":true,""dynamik"":true}",1978,3000,597.31,eur_monat
Allianz,SBU Schutz,"{""prozent_bu"":50,""prognose_zeitraum_monate"":6,""verzicht_abstrakte_verweisung"":true,""dynamik"":true}",1978,1000,227.55,eur_monat
Allianz,SBU Schutz,"{""prozent_bu"":50,""prognose_zeitraum_monate"":6,""verzicht_abstrakte_verweisung"":true,""dynamik"":true}",1978,1500,341.32,eur_monat
Allianz,SBU Schutz,"{""prozent_bu"":50,""prognose_zeitraum_monate"":6,""verzicht_abstrakte_verweisung"":true,""dynamik"":true}",1978,2000,455.09,eur_monat
Allianz,SBU Schutz,"{""prozent_bu"":50,""prognose_zeitraum_monate"":6,""verzicht_abstrakte_verweisung"":true,""dynamik"":true}",1978,2500,568.86,eur_monat
Allianz,SBU Schutz,"{""prozent_bu"":50,""prognose_zeitraum_monate"":6,""verzicht_abstrakte_verweisung"":true,""dynamik"":true}",1978,3000,682.64,eur_monat
AXA,BU Premium,"{""prozent_bu"":50,""prognose_zeitraum_monate"":6,""verzicht_abstrakte_verweisung"":true,""dynamik"":false}",1978,1000,246.51,eur_monat
AXA,BU Premium,"{""prozent_bu"":50,""prognose_zeitraum_monate"":6,""verzicht_abstrakte_verweisung"":true,""dynamik"":false}",1978,1500,369.76,eur_monat
AXA,BU Premium,"{""prozent_bu"":50,""prognose_zeitraum_monate"":6,""verzicht_abstrakte_verweisung"":true,""dynamik"":false}",1978,2000,493.02,eur_monat
AXA,BU Premium,"{""prozent_bu"":50,""prognose_zeitraum_monate"":6,""verzicht_abstrakte_verweisung"":true,""dynamik"":false}",1978,2500,616.27,eur_monat
AXA,BU Premium,"{""prozent_bu"":50,""prognose_zeitraum_monate"":6,""verzicht_abstrakte_verweisung"":true,""dynamik"":false}",1978,3000,739.52,eur_monat
ERGO,BU Best,"{""prozent_bu"":50,""prognose_zeitraum_monate"":6,""verzicht_abstrakte_verweisung"":true,""dynamik"":true}",1978,1000,237.03,eur_monat
ERGO,BU Best,"{""prozent_bu"":50,""prognose_zeitraum_monate"":6,""verzicht_abstrakte_verweisung"":true,""dynamik"":true}",1978,1500,355.54,eur_monat
ERGO,BU Best,"{""prozent_bu"":50,""prognose_zeitraum_monate"":6,""verzicht_abstrakte_verweisung"":true,""dynamik"":true}",1978,2000,474.05,eur_monat
ERGO,BU Best,"{""prozent_bu"":50,""prognose_zeitraum_monate"":6,""verzicht_abstrakte_verweisung"":true,""dynamik"":true}",1978,2500,592.57,eur_monat
ERGO,BU Best,"{""prozent_bu"":50,""prognose_zeitraum_monate"":6,""verzicht_abstrakte_verweisung"":true,""dynamik"":true}",1978,3000,711.08,eur_monat
Swiss Life,MetallRente.BU,"{""prozent_bu"":50,""prognose_zeitraum_monate"":6,""verzicht_abstrakte_verweisung"":true,""dynamik"":true}",1978,1000,213.32,eur_monat
Swiss Life,MetallRente.BU,"{""prozent_bu"":50,""prognose_zeitraum_monate"":6,""verzicht_abstrakte_verweisung"":true,""dynamik"":true}",1978,1500,319.99,eur_monat
Swiss Life,MetallRente.BU,"{""prozent_bu"":50,""prognose_zeitraum_monate"":6,""verzicht_abstrakte_verweisung"":true,""dynamik"":true}",1978,2000,426.65,eur_monat
Swiss Life,MetallRente.BU,"{""prozent_bu"":50,""prognose_zeitraum_monate"":6,""verzicht_abstrakte_verweisung"":true,""dynamik"":true}",1978,2500,533.31,eur_monat
Swiss Life,MetallRente.BU,"{""prozent_bu"":50,""prognose_zeitraum_monate"":6,""verzicht_abstrakte_verweisung"":true,""dynamik"":true}",1978,3000,639.97,eur_monat
Alte Leipziger,BV10,"{""prozent_bu"":50,""prognose_zeitraum_monate"":6,""verzicht_abstrakte_verweisung"":true,""dynamik"":true}",1982,1000,151.89,eur_monat
Alte Leipziger,BV10,"{""prozent_bu"":50,""prognose_zeitraum_monate"":6,""verzicht_abstrakte_verweisung"":true,""dynamik"":true}",1982,1500,227.84,eur_monat
Alte Leipziger,BV10,"{""prozent_bu"":50,""prognose_zeitraum_monate"":6,""verzicht_abstrakte_verweisung"":true,""dynamik"":true}",1982,2000,303.79,eur_monat
Alte Leipziger,BV10,"{""prozent_bu"":50,""prognose_zeitraum_monate"":6,""verzicht_abstrakte_verweisung"":true,""dynamik"":true}",1982,2500,379.74,eur_monat
Alte Leipziger,BV10,"{""prozent_bu"":50,""prognose_zeitraum_monate"":6,""verzicht_abstrakte_verweisung"":true,""dynamik"":true}",1982,3000,455.68,eur_monat
Allianz,SBU Schutz,"{""prozent_bu"":50,""prognose_zeitraum_monate"":6,""verzicht_abstrakte_verweisung"":true,""dynamik"":true}",1982,1000,173.59,eur_monat
Allianz,SBU Schutz,"{""prozent_bu"":50,""prognose_zeitraum_monate"":6,""verzicht_abstrakte_verweisung"":true,""dynamik"":true}",1982,1500,260.39,eur_monat
Allianz,SBU Schutz,"{""prozent_bu"":50,""prognose_zeitraum_monate"":6,""verzicht_abstrakte_verweisung"":true,""dynamik"":true}",1982,2000,347.19,eur_monat
Allianz,SBU Schutz,"{""prozent_bu"":50,""prognose_zeitraum_monate"":6,""verzicht_abstrakte_verweisung"":true,""dynamik"":true}",1982,2500,433.98,eur_monat
Allianz,SBU Schutz,"{""prozent_bu"":50,""prognose_zeitraum_monate"":6,""verzicht_abstrakte_verweisung"":true,""dynamik"":true}",1982,3000,520.78,eur_monat
AXA,BU Premium,"{""prozent_bu"":50,""prognose_zeitraum_monate"":6,""verzicht_abstrakte_verweisung"":true,""dynamik"":false}",1982,1000,188.06,eur_monat
AXA,BU Premium,"{""prozent_bu"":50,""prognose_zeitraum_monate"":6,""verzicht_abstrakte_verweisung"":true,""dynamik"":false}",1982,1500,282.09,eur_monat
AXA,BU Premium,"{""prozent_bu"":50,""prognose_zeitraum_monate"":6,""verzicht_abstrakte_verweisung"":true,""dynamik"":false}",1982,2000,376.12,eur_monat
AXA,BU Premium,"{""prozent_bu"":50,""prognose_zeitraum_monate"":6,""verzicht_abstrakte_verweisung"":true,""dynamik"":false}",1982,2500,470.15,eur_monat
AXA,BU Premium,"{""prozent_bu"":50,""prognose_zeitraum_monate"":6,""verzicht_abstrakte_verweisung"":true,""dynamik"":false}",1982,3000,564.18,eur_monat
ERGO,BU Best,"{""prozent_bu"":50,""prognose_zeitraum_monate"":6,""verzicht_abstrakte_verweisung"":true,""dynamik"":true}",1982,1000,180.83,eur_monat
ERGO,BU Best,"{""prozent_bu"":50,""prognose_zeitraum_monate"":6,""verzicht_abstrakte_verweisung"":true,""dynamik"":true}",1982,1500,271.24,eur_monat
ERGO,BU Best,"{""prozent_bu"":50,""prognose_zeitraum_monate"":6,""verzicht_abstrakte_verweisung"":true,""dynamik"":true}",1982,2000,361.65,eur_monat
ERGO,BU Best,"{""prozent_bu"":50,""prognose_zeitraum_monate"":6,""verzicht_abstrakte_verweisung"":true,""dynamik"":true}",1982,2500,452.07,eur_monat
ERGO,BU Best,"{""prozent_bu"":50,""prognose_zeitraum_monate"":6,""verzicht_abstrakte_verweisung"":true,""dynamik"":true}",1982,3000,542.48,eur_monat
Swiss Life,MetallRente.BU,"{""prozent_bu"":50,""prognose_zeitraum_monate"":6,""verzicht_abstrakte_verweisung"":true,""dynamik"":true}",1982,1000,162.74,eur_monat
Swiss Life,MetallRente.BU,"{""prozent_bu"":50,""prognose_zeitraum_monate"":6,""verzicht_abstrakte_verweisung"":true,""dynamik"":true}",1982,1500,244.12,eur_monat
Swiss Life,MetallRente.BU,"{""prozent_bu"":50,""prognose_zeitraum_monate"":6,""verzicht_abstrakte_verweisung"":true,""dynamik"":true}",1982,2000,325.49,eur_monat
Swiss Life,MetallRente.BU,"{""prozent_bu"":50,""prognose_zeitraum_monate"":6,""verzicht_abstrakte_verweisung"":true,""dynamik"":true}",1982,2500,406.86,eur_monat
Swiss Life,MetallRente.BU,"{""prozent_bu"":50,""prognose_zeitraum_monate"":6,""verzicht_abstrakte_verweisung"":true,""dynamik"":true}",1982,3000,488.23,eur_monat
Alte Leipziger,BV10,"{""prozent_bu"":50,""prognose_zeitraum_monate"":6,""verzicht_abstrakte_verweisung"":true,""dynamik"":true}",1986,1000,115.88,eur_monat
Alte Leipziger,BV10,"{""prozent_bu"":50,""prognose_zeitraum_monate"":6,""verzicht_abstrakte_verweisung"":true,""dynamik"":true}",1986,1500,173.82,eur_monat
Alte Leipziger,BV10,"{""prozent_bu"":50,""prognose_zeitraum_monate"":6,""verzicht_abstrakte_verweisung"":true,""dynamik"":true}",1986,2000,231.76,eur_monat
Alte Leipziger,BV10,"{""prozent_bu"":50,""prognose_zeitraum_monate"":6,""verzicht_abstrakte_verweisung"":true,""dynamik"":true}",1986,2500,289.70,eur_monat
Alte Leipziger,BV10,"{""prozent_bu"":50,""prognose_zeitraum_monate"":6,""verzicht_abstrakte_verweisung"":true,""dynamik"":true}",1986,3000,347.64,eur_monat
Allianz,SBU Schutz,"{""prozent_bu"":50,""prognose_zeitraum_monate"":6,""verzicht_abstrakte_verweisung"":true,""dynamik"":true}",1986,1000,132.43,eur_monat
Allianz,SBU Schutz,"{""prozent_bu"":50,""prognose_zeitraum_monate"":6,""verzicht_abstrakte_verweisung"":true,""dynamik"":true}",1986,1500,198.65,eur_monat
Allianz,SBU Schutz,"{""prozent_bu"":50,""prognose_zeitraum_monate"":6,""verzicht_abstrakte_verweisung"":true,""dynamik"":true}",1986,2000,264.87,eur_monat
Allianz,SBU Schutz,"{""prozent_bu"":50,""prognose_zeitraum_monate"":6,""verzicht_abstrakte_verweisung"":true,""dynamik"":true}",1986,2500,331.08,eur_monat
Allianz,SBU Schutz,"{""prozent_bu"":50,""prognose_zeitraum_monate"":6,""verzicht_abstrakte_verweisung"":true,""dynamik"":true}",1986,3000,397.30,eur_monat
AXA,BU Premium,"{""prozent_bu"":50,""prognose_zeitraum_monate"":6,""verzicht_abstrakte_verweisung"":true,""dynamik"":false}",1986,1000,143.47,eur_monat
AXA,BU Premium,"{""prozent_bu"":50,""prognose_zeitraum_monate"":6,""verzicht_abstrakte_verweisung"":true,""dynamik"":false}",1986,1500,215.20,eur_monat
AXA,BU Premium,"{""prozent_bu"":50,""prognose_zeitraum_monate"":6,""verzicht_abstrakte_verweisung"":true,""dynamik"":false}",1986,2000,286.94,eur_monat
AXA,BU Premium,"{""prozent_bu"":50,""prognose_zeitraum_monate"":6,""verzicht_abstrakte_verweisung"":true,""dynamik"":false}",1986,2500,358.67,eur_monat
AXA,BU Premium,"{""prozent_bu"":50,""prognose_zeitraum_monate"":6,""verzicht_abstrakte_verweisung"":true,""dynamik"":false}",1986,3000,430.41,eur_monat
ERGO,BU Best,"{""prozent_bu"":50,""prognose_zeitraum_monate"":6,""verzicht_abstrakte_verweisung"":true,""dynamik"":true}",1986,1000,137.95,eur_monat
ERGO,BU Best,"{""prozent_bu"":50,""prognose_zeitraum_monate"":6,""verzicht_abstrakte_verweisung"":true,""dynamik"":true}",1986,1500,206.93,eur_monat
ERGO,BU Best,"{""prozent_bu"":50,""prognose_zeitraum_monate"":6,""verzicht_abstrakte_verweisung"":true,""dynamik"":true}",1986,2000,275.90,eur_monat
ERGO,BU Best,"{""prozent_bu"":50,""prognose_zeitraum_monate"":6,""verzicht_abstrakte_verweisung"":true,""dynamik"":true}",1986,2500,344.88,eur_monat
ERGO,BU Best,"{""prozent_bu"":50,""prognose_zeitraum_monate"":6,""verzicht_abstrakte_verweisung"":true,""dynamik"":true}",1986,3000,413.85,eur_monat
Swiss Life,MetallRente.BU,"{""prozent_bu"":50,""prognose_zeitraum_monate"":6,""verzicht_abstrakte_verweisung"":true,""dynamik"":true}",1986,1000,124.16,eur_monat
Swiss Life,MetallRente.BU,"{""prozent_bu"":50,""prognose_zeitraum_monate"":6,""verzicht_abstrakte_verweisung"":true,""dynamik"":true}",1986,1500,186.23,eur_monat
Swiss Life,MetallRente.BU,"{""prozent_bu"":50,""prognose_zeitraum_monate"":6,""verzicht_abstrakte_verweisung"":true,""dynamik"":true}",1986,2000,248.31,eur_monat
Swiss Life,MetallRente.BU,"{""prozent_bu"":50,""prognose_zeitraum_monate"":6,""verzicht_abstrakte_verweisung"":true,""dynamik"":true}",1986,2500,310.39,eur_monat
Swiss Life,MetallRente.BU,"{""prozent_bu"":50,""prognose_zeitraum_monate"":6,""verzicht_abstrakte_verweisung"":true,""dynamik"":true}",1986,3000,372.47,eur_monat
Alte Leipziger,BV10,"{""prozent_bu"":50,""prognose_zeitraum_monate"":6,""verzicht_abstrakte_verweisung"":true,""dynamik"":true}",1990,1000,88.40,eur_monat
Alte Leipziger,BV10,"{""prozent_bu"":50,""prognose_zeitraum_monate"":6,""verzicht_abstrakte_verweisung"":true,""dynamik"":true}",1990,1500,132.61,eur_monat
Alte Leipziger,BV10,"{""prozent_bu"":50,""prognose_zeitraum_monate"":6,""verzicht_abstrakte_verweisung"":true,""dynamik"":true}",1990,2000,176.81,eur_monat
Alte Leipziger,BV10,"{""prozent_bu"":50,""prognose_zeitraum_monate"":6,""verzicht_abstrakte_verweisung"":true,""dynamik"":true}",1990,2500,221.01,eur_monat
Alte Leipziger,BV10,"{""prozent_bu"":50,""prognose_zeitraum_monate"":6,""verzicht_abstrakte_verweisung"":true,""dynamik"":true}",1990,3000,265.21,eur_monat
Allianz,SBU Schutz,"{""prozent_bu"":50,""prognose_zeitraum_monate"":6,""verzicht_abstrakte_verweisung"":true,""dynamik"":true}",1990,1000,101.03,eur_monat
Allianz,SBU Schutz,"{""prozent_bu"":50,""prognose_zeitraum_monate"":6,""verzicht_abstrakte_verweisung"":true,""dynamik"":true}",1990,1500,151.55,eur_monat
Allianz,SBU Schutz,"{""prozent_bu"":50,""prognose_zeitraum_monate"":6,""verzicht_abstrakte_verweisung"":true,""dynamik"":true}",1990,2000,202.07,eur_monat
Allianz,SBU Schutz,"{""prozent_bu"":50,""prognose_zeitraum_monate"":6,""verzicht_abstrakte_verweisung"":true,""dynamik"":true}",1990,2500,252.58,eur_monat
Allianz,SBU Schutz,"{""prozent_bu"":50,""prognose_zeitraum_monate"":6,""verzicht_abstrakte_verweisung"":true,""dynamik"":true}",1990,3000,303.10,eur_monat
AXA,BU Premium,"{""prozent_bu"":50,""prognose_zeitraum_monate"":6,""verzicht_abstrakte_verweisung"":true,""dynamik"":false}",1990,1000,109.45,eur_monat
AXA,BU Premium,"{""prozent_bu"":50,""prognose_zeitraum_monate"":6,""verzicht_abstrakte_verweisung"":true,""dynamik"":false}",1990,1500,164.18,eur_monat
AXA,BU Premium,"{""prozent_bu"":50,""prognose_zeitraum_monate"":6,""verzicht_abstrakte_verweisung"":true,""dynamik"":false}",1990,2000,218.90,eur_monat
AXA,BU Premium,"{""prozent_bu"":50,""prognose_zeitraum_monate"":6,""verzicht_abstrakte_verweisung"":true,""dynamik"":false}",1990,2500,273.63,eur_monat
AXA,BU Premium,"{""prozent_bu"":50,""prognose_zeitraum_monate"":6,""verzicht_abstrakte_verweisung"":true,""dynamik"":false}",1990,3000,328.36,eur_monat
ERGO,BU Best,"{""prozent_bu"":50,""prognose_zeitraum_monate"":6,""verzicht_abstrakte_verweisung"":true,""dynamik"":true}",1990,1000,105.24,eur_monat
ERGO,BU Best,"{""prozent_bu"":50,""prognose_zeitraum_monate"":6,""verzicht_abstrakte_verweisung"":true,""dynamik"":true}",1990,1500,157.86,eur_monat
ERGO,BU Best,"{""prozent_bu"":50,""prognose_zeitraum_monate"":6,""verzicht_abstrakte_verweisung"":true,""dynamik"":true}",1990,2000,210.49,eur_monat
ERGO,BU Best,"{""prozent_bu"":50,""prognose_zeitraum_monate"":6,""verzicht_abstrakte_verweisung"":true,""dynamik"":true}",1990,2500,263.11,eur_monat
ERGO,BU Best,"{""prozent_bu"":50,""prognose_zeitraum_monate"":6,""verzicht_abstrakte_verweisung"":true,""dynamik"":true}",1990,3000,315.73,eur_monat
Swiss Life,MetallRente.BU,"{""prozent_bu"":50,""prognose_zeitraum_monate"":6,""verzicht_abstrakte_verweisung"":true,""dynamik"":true}",1990,1000,94.72,eur_monat
Swiss Life,MetallRente.BU,"{""prozent_bu"":50,""prognose_zeitraum_monate"":6,""verzicht_abstrakte_verweisung"":true,""dynamik"":true}",1990,1500,142.08,eur_monat
Swiss Life,MetallRente.BU,"{""prozent_bu"":50,""prognose_zeitraum_monate"":6,""verzicht_abstrakte_verweisung"":true,""dynamik"":true}",1990,2000,189.44,eur_monat
Swiss Life,MetallRente.BU,"{""prozent_bu"":50,""prognose_zeitraum_monate"":6,""verzicht_abstrakte_verweisung"":true,""dynamik"":true}",1990,2500,236.80,eur_monat
Swiss Life,MetallRente.BU,"{""prozent_bu"":50,""prognose_zeitraum_monate"":6,""verzicht_abstrakte_verweisung"":true,""dynamik"":true}",1990,3000,284.16,eur_monat
Alte Leipziger,BV10,"{""prozent_bu"":50,""prognose_zeitraum_monate"":6,""verzicht_abstrakte_verweisung"":true,""dynamik"":true}",1994,1000,67.44,eur_monat
Alte Leipziger,BV10,"{""prozent_bu"":50,""prognose_zeitraum_monate"":6,""verzicht_abstrakte_verweisung"":true,""dynamik"":true}",1994,1500,101.16,eur_monat
Alte Leipziger,BV10,"{""prozent_bu"":50,""prognose_zeitraum_monate"":6,""verzicht_abstrakte_verweisung"":true,""dynamik"":true}",1994,2000,134.89,eur_monat
Alte Leipziger,BV10,"{""prozent_bu"":50,""prognose_zeitraum_monate"":6,""verzicht_abstrakte_verweisung"":true,""dynamik"":true}",1994,2500,168.61,eur_monat
Alte Leipziger,BV10,"{""prozent_bu"":50,""prognose_zeitraum_monate"":6,""verzicht_abstrakte_verweisung"":true,""dynamik"":true}",1994,3000,202.33,eur_monat
Allianz,SBU Schutz,"{""prozent_bu"":50,""prognose_zeitraum_monate"":6,""verzicht_abstrakte_verweisung"":true,""dynamik"":true}",1994,1000,77.08,eur_monat
Allianz,SBU Schutz,"{""prozent_bu"":50,""prognose_zeitraum_monate"":6,""verzicht_abstrakte_verweisung"":true,""dynamik"":true}",1994,1500,115.62,eur_monat
Allianz,SBU Schutz,"{""prozent_bu"":50,""prognose_zeitraum_monate"":6,""verzicht_abstrakte_verweisung"":true,""dynamik"":true}",1994,2000,154.16,eur_monat
Allianz,SBU Schutz,"{""prozent_bu"":50,""prognose_zeitraum_monate"":6,""verzicht_abstrakte_verweisung"":true,""dynamik"":true}",1994,2500,192.69,eur_monat
Allianz,SBU Schutz,"{""prozent_bu"":50,""prognose_zeitraum_monate"":6,""verzicht_abstrakte_verweisung"":true,""dynamik"":true}",1994,3000,231.23,eur_monat
AXA,BU Premium,"{""prozent_bu"":50,""prognose_zeitraum_monate"":6,""verzicht_abstrakte_verweisung"":true,""dynamik"":false}",1994,1000,83.50,eur_monat
AXA,BU Premium,"{""prozent_bu"":50,""prognose_zeitraum_monate"":6,""verzicht_abstrakte_verweisung"":true,""dynamik"":false}",1994,1500,125.25,eur_monat
AXA,BU Premium,"{""prozent_bu"":50,""prognose_zeitraum_monate"":6,""verzicht_abstrakte_verweisung"":true,""dynamik"":false}",1994,2000,167.00,eur_monat
AXA,BU Premium,"{""prozent_bu"":50,""prognose_zeitraum_monate"":6,""verzicht_abstrakte_verweisung"":true,""dynamik"":false}",1994,2500,208.75,eur_monat
AXA,BU Premium,"{""prozent_bu"":50,""prognose_zeitraum_monate"":6,""verzicht_abstrakte_verweisung"":true,""dynamik"":false}",1994,3000,250.50,eur_monat
ERGO,BU Best,"{""prozent_bu"":50,""prognose_zeitraum_monate"":6,""verzicht_abstrakte_verweisung"":true,""dynamik"":true}",1994,1000,80.29,eur_monat
ERGO,BU Best,"{""prozent_bu"":50,""prognose_zeitraum_monate"":6,""verzicht_abstrakte_verweisung"":true,""dynamik"":true}",1994,1500,120.43,eur_monat
ERGO,BU Best,"{""prozent_bu"":50,""prognose_zeitraum_monate"":6,""verzicht_abstrakte_verweisung"":true,""dynamik"":true}",1994,2000,160.58,eur_monat
ERGO,BU Best,"{""prozent_bu"":50,""prognose_zeitraum_monate"":6,""verzicht_abstrakte_verweisung"":true,""dynamik"":true}",1994,2500,200.72,eur_monat
ERGO,BU Best,"{""prozent_bu"":50,""prognose_zeitraum_monate"":6,""verzicht_abstrakte_verweisung"":true,""dynamik"":true}",1994,3000,240.87,eur_monat
Swiss Life,MetallRente.BU,"{""prozent_bu"":50,""prognose_zeitraum_monate"":6,""verzicht_abstrakte_verweisung"":true,""dynamik"":true}",1994,1000,72.26,eur_monat
Swiss Life,MetallRente.BU,"{""prozent_bu"":50,""prognose_zeitraum_monate"":6,""verzicht_abstrakte_verweisung"":true,""dynamik"":true}",1994,1500,108.39,eur_monat
Swiss Life,MetallRente.BU,"{""prozent_bu"":50,""prognose_zeitraum_monate"":6,""verzicht_abstrakte_verweisung"":true,""dynamik"":true}",1994,2000,144.52,eur_monat
Swiss Life,MetallRente.BU,"{""prozent_bu"":50,""prognose_zeitraum_monate"":6,""verzicht_abstrakte_verweisung"":true,""dynamik"":true}",1994,2500,180.65,eur_monat
Swiss Life,MetallRente.BU,"{""prozent_bu"":50,""prognose_zeitraum_monate"":6,""verzicht_abstrakte_verweisung"":true,""dynamik"":true}",1994,3000,216.78,eur_monat
Alte Leipziger,BV10,"{""prozent_bu"":50,""prognose_zeitraum_monate"":6,""verzicht_abstrakte_verweisung"":true,""dynamik"":true}",1998,1000,51.45,eur_monat
Alte Leipziger,BV10,"{""prozent_bu"":50,""prognose_zeitraum_monate"":6,""verzicht_abstrakte_verweisung"":true,""dynamik"":true}",1998,1500,77.18,eur_monat
Alte Leipziger,BV10,"{""prozent_bu"":50,""prognose_zeitraum_monate"":6,""verzicht_abstrakte_verweisung"":true,""dynamik"":true}",1998,2000,102.90,eur_monat
Alte Leipziger,BV10,"{""prozent_bu"":50,""prognose_zeitraum_monate"":6,""verzicht_abstrakte_verweisung"":true,""dynamik"":true}",1998,2500,128.63,eur_monat
Alte Leipziger,BV10,"{""prozent_bu"":50,""prognose_zeitraum_monate"":6,""verzicht_abstrakte_verweisung"":true,""dynamik"":true}",1998,3000,154.36,eur_monat
Allianz,SBU Schutz,"{""prozent_bu"":50,""prognose_zeitraum_monate"":6,""verzicht_abstrakte_verweisung"":true,""dynamik"":true}",1998,1000,58.80,eur_monat
Allianz,SBU Schutz,"{""prozent_bu"":50,""prognose_zeitraum_monate"":6,""verzicht_abstrakte_verweisung"":true,""dynamik"":true}",1998,1500,88.20,eur_monat
Allianz,SBU Schutz,"{""prozent_bu"":50,""prognose_zeitraum_monate"":6,""verzicht_abstrakte_verweisung"":true,""dynamik"":true}",1998,2000,117.60,eur_monat
Allianz,SBU Schutz,"{""prozent_bu"":50,""prognose_zeitraum_monate"":6,""verzicht_abstrakte_verweisung"":true,""dynamik"":true}",1998,2500,147.01,eur_monat
Allianz,SBU Schutz,"{""prozent_bu"":50,""prognose_zeitraum_monate"":6,""verzicht_abstrakte_verweisung"":true,""dynamik"":true}",1998,3000,176.41,eur_monat
AXA,BU Premium,"{""prozent_bu"":50,""prognose_zeitraum_monate"":6,""verzicht_abstrakte_verweisung"":true,""dynamik"":false}",1998,1000,63.70,eur_monat
AXA,BU Premium,"{""prozent_bu"":50,""prognose_zeitraum_monate"":6,""verzicht_abstrakte_verweisung"":true,""dynamik"":false}",1998,1500,95.55,eur_monat
AXA,BU Premium,"{""prozent_bu"":50,""prognose_zeitraum_monate"":6,""verzicht_abstrakte_verweisung"":true,""dynamik"":false}",1998,2000,127.40,eur_monat
AXA,BU Premium,"{""prozent_bu"":50,""prognose_zeitraum_monate"":6,""verzicht_abstrakte_verweisung"":true,""dynamik"":false}",1998,2500,159.26,eur_monat
AXA,BU Premium,"{""prozent_bu"":50,""prognose_zeitraum_monate"":6,""verzicht_abstrakte_verweisung"":true,""dynamik"":false}",1998,3000,191.11,eur_monat
ERGO,BU Best,"{""prozent_bu"":50,""prognose_zeitraum_monate"":6,""verzicht_abstrakte_verweisung"":true,""dynamik"":true}",1998,1000,61.25,eur_monat
ERGO,BU Best,"{""prozent_bu"":50,""prognose_zeitraum_monate"":6,""verzicht_abstrakte_verweisung"":true,""dynamik"":true}",1998,1500,91.88,eur_monat
ERGO,BU Best,"{""prozent_bu"":50,""prognose_zeitraum_monate"":6,""verzicht_abstrakte_verweisung"":true,""dynamik"":true}",1998,2000,122.50,eur_monat
ERGO,BU Best,"{""prozent_bu"":50,""prognose_zeitraum_monate"":6,""verzicht_abstrakte_verweisung"":true,""dynamik"":true}",1998,2500,153.13,eur_monat
ERGO,BU Best,"{""prozent_bu"":50,""prognose_zeitraum_monate"":6,""verzicht_abstrakte_verweisung"":true,""dynamik"":true}",1998,3000,183.76,eur_monat
Swiss Life,MetallRente.BU,"{""prozent_bu"":50,""prognose_zeitraum_monate"":6,""verzicht_abstrakte_verweisung"":true,""dynamik"":true}",1998,1000,55.13,eur_monat
Swiss Life,MetallRente.BU,"{""prozent_bu"":50,""prognose_zeitraum_monate"":6,""verzicht_abstrakte_verweisung"":true,""dynamik"":true}",1998,1500,82.69,eur_monat
Swiss Life,MetallRente.BU,"{""prozent_bu"":50,""prognose_zeitraum_monate"":6,""verzicht_abstrakte_verweisung"":true,""dynamik"":true}",1998,2000,110.25,eur_monat
Swiss Life,MetallRente.BU,"{""prozent_bu"":50,""prognose_zeitraum_monate"":6,""verzicht_abstrakte_verweisung"":true,""dynamik"":true}",1998,2500,137.82,eur_monat
Swiss Life,MetallRente.BU,"{""prozent_bu"":50,""prognose_zeitraum_monate"":6,""verzicht_abstrakte_verweisung"":true,""dynamik"":true}",1998,3000,165.38,eur_monat
Alte Leipziger,BV10,"{""prozent_bu"":50,""prognose_zeitraum_monate"":6,""verzicht_abstrakte_verweisung"":true,""dynamik"":true}",2002,1000,42.00,eur_monat
Alte Leipziger,BV10,"{""prozent_bu"":50,""prognose_zeitraum_monate"":6,""verzicht_abstrakte_verweisung"":true,""dynamik"":true}",2002,1500,63.00,eur_monat
Alte Leipziger,BV10,"{""prozent_bu"":50,""prognose_zeitraum_monate"":6,""verzicht_abstrakte_verweisung"":true,""dynamik"":true}",2002,2000,84.00,eur_monat
Alte Leipziger,BV10,"{""prozent_bu"":50,""prognose_zeitraum_monate"":6,""verzicht_abstrakte_verweisung"":true,""dynamik"":true}",2002,2500,105.00,eur_monat
Alte Leipziger,BV10,"{""prozent_bu"":50,""prognose_zeitraum_monate"":6,""verzicht_abstrakte_verweisung"":true,""dynamik"":true}",2002,3000,126.00,eur_monat
Allianz,SBU Schutz,"{""prozent_bu"":50,""prognose_zeitraum_monate"":6,""verzicht_abstrakte_verweisung"":true,""dynamik"":true}",2002,1000,48.00,eur_monat
Allianz,SBU Schutz,"{""prozent_bu"":50,""prognose_zeitraum_monate"":6,""verzicht_abstrakte_verweisung"":true,""dynamik"":true}",2002,1500,72.00,eur_monat
Allianz,SBU Schutz,"{""prozent_bu"":50,""prognose_zeitraum_monate"":6,""verzicht_abstrakte_verweisung"":true,""dynamik"":true}",2002,2000,96.00,eur_monat
Allianz,SBU Schutz,"{""prozent_bu"":50,""prognose_zeitraum_monate"":6,""verzicht_abstrakte_verweisung"":true,""dynamik"":true}",2002,2500,120.00,eur_monat
Allianz,SBU Schutz,"{""prozent_bu"":50,""prognose_zeitraum_monate"":6,""verzicht_abstrakte_verweisung"":true,""dynamik"":true}",2002,3000,144.00,eur_monat
AXA,BU Premium,"{""prozent_bu"":50,""prognose_zeitraum_monate"":6,""verzicht_abstrakte_verweisung"":true,""dynamik"":false}",2002,1000,52.00,eur_monat
AXA,BU Premium,"{""prozent_bu"":50,""prognose_zeitraum_monate"":6,""verzicht_abstrakte_verweisung"":true,""dynamik"":false}",2002,1500,78.00,eur_monat
AXA,BU Premium,"{""prozent_bu"":50,""prognose_zeitraum_monate"":6,""verzicht_abstrakte_verweisung"":true,""dynamik"":false}",2002,2000,104.00,eur_monat
AXA,BU Premium,"{""prozent_bu"":50,""prognose_zeitraum_monate"":6,""verzicht_abstrakte_verweisung"":true,""dynamik"":false}",2002,2500,130.00,eur_monat
AXA,BU Premium,"{""prozent_bu"":50,""prognose_zeitraum_monate"":6,""verzicht_abstrakte_verweisung"":true,""dynamik"":false}",2002,3000,156.00,eur_monat
ERGO,BU Best,"{""prozent_bu"":50,""prognose_zeitraum_monate"":6,""verzicht_abstrakte_verweisung"":true,""dynamik"":true}",2002,1000,50.00,eur_monat
ERGO,BU Best,"{""prozent_bu"":50,""prognose_zeitraum_monate"":6,""verzicht_abstrakte_verweisung"":true,""dynamik"":true}",2002,1500,75.00,eur_monat
ERGO,BU Best,"{""prozent_bu"":50,""prognose_zeitraum_monate"":6,""verzicht_abstrakte_verweisung"":true,""dynamik"":true}",2002,2000,100.00,eur_monat
ERGO,BU Best,"{""prozent_bu"":50,""prognose_zeitraum_monate"":6,""verzicht_abstrakte_verweisung"":true,""dynamik"":true}",2002,2500,125.00,eur_monat
ERGO,BU Best,"{""prozent_bu"":50,""prognose_zeitraum_monate"":6,""verzicht_abstrakte_verweisung"":true,""dynamik"":true}",2002,3000,150.00,eur_monat
Swiss Life,MetallRente.BU,"{""prozent_bu"":50,""prognose_zeitraum_monate"":6,""verzicht_abstrakte_verweisung"":true,""dynamik"":true}",2002,1000,45.00,eur_monat
Swiss Life,MetallRente.BU,"{""prozent_bu"":50,""prognose_zeitraum_monate"":6,""verzicht_abstrakte_verweisung"":true,""dynamik"":true}",2002,1500,67.50,eur_monat
Swiss Life,MetallRente.BU,"{""prozent_bu"":50,""prognose_zeitraum_monate"":6,""verzicht_abstrakte_verweisung"":true,""dynamik"":true}",2002,2000,90.00,eur_monat
Swiss Life,MetallRente.BU,"{""prozent_bu"":50,""prognose_zeitraum_monate"":6,""verzicht_abstrakte_verweisung"":true,""dynamik"":true}",2002,2500,112.50,eur_monat
Swiss Life,MetallRente.BU,"{""prozent_bu"":50,""prognose_zeitraum_monate"":6,""verzicht_abstrakte_verweisung"":true,""dynamik"":true}",2002,3000,135.00,eur_monat
Alte Leipziger,BV10,"{""prozent_bu"":50,""prognose_zeitraum_monate"":6,""verzicht_abstrakte_verweisung"":true,""dynamik"":true}",2006,1000,42.00,eur_monat
Alte Leipziger,BV10,"{""prozent_bu"":50,""prognose_zeitraum_monate"":6,""verzicht_abstrakte_verweisung"":true,""dynamik"":true}",2006,1500,63.00,eur_monat
Alte Leipziger,BV10,"{""prozent_bu"":50,""prognose_zeitraum_monate"":6,""verzicht_abstrakte_verweisung"":true,""dynamik"":true}",2006,2000,84.00,eur_monat
Alte Leipziger,BV10,"{""prozent_bu"":50,""prognose_zeitraum_monate"":6,""verzicht_abstrakte_verweisung"":true,""dynamik"":true}",2006,2500,105.00,eur_monat
Alte Leipziger,BV10,"{""prozent_bu"":50,""prognose_zeitraum_monate"":6,""verzicht_abstrakte_verweisung"":true,""dynamik"":true}",2006,3000,126.00,eur_monat
Allianz,SBU Schutz,"{""prozent_bu"":50,""prognose_zeitraum_monate"":6,""verzicht_abstrakte_verweisung"":true,""dynamik"":true}",2006,1000,48.00,eur_monat
Allianz,SBU Schutz,"{""prozent_bu"":50,""prognose_zeitraum_monate"":6,""verzicht_abstrakte_verweisung"":true,""dynamik"":true}",2006,1500,72.00,eur_monat
Allianz,SBU Schutz,"{""prozent_bu"":50,""prognose_zeitraum_monate"":6,""verzicht_abstrakte_verweisung"":true,""dynamik"":true}",2006,2000,96.00,eur_monat
Allianz,SBU Schutz,"{""prozent_bu"":50,""prognose_zeitraum_monate"":6,""verzicht_abstrakte_verweisung"":true,""dynamik"":true}",2006,2500,120.00,eur_monat
Allianz,SBU Schutz,"{""prozent_bu"":50,""prognose_zeitraum_monate"":6,""verzicht_abstrakte_verweisung"":true,""dynamik"":true}",2006,3000,144.00,eur_monat
AXA,BU Premium,"{""prozent_bu"":50,""prognose_zeitraum_monate"":6,""verzicht_abstrakte_verweisung"":true,""dynamik"":false}",2006,1000,52.00,eur_monat
AXA,BU Premium,"{""prozent_bu"":50,""prognose_zeitraum_monate"":6,""verzicht_abstrakte_verweisung"":true,""dynamik"":false}",2006,1500,78.00,eur_monat
AXA,BU Premium,"{""prozent_bu"":50,""prognose_zeitraum_monate"":6,""verzicht_abstrakte_verweisung"":true,""dynamik"":false}",2006,2000,104.00,eur_monat
AXA,BU Premium,"{""prozent_bu"":50,""prognose_zeitraum_monate"":6,""verzicht_abstrakte_verweisung"":true,""dynamik"":false}",2006,2500,130.00,eur_monat
AXA,BU Premium,"{""prozent_bu"":50,""prognose_zeitraum_monate"":6,""verzicht_abstrakte_verweisung"":true,""dynamik"":false}",2006,3000,156.00,eur_monat
ERGO,BU Best,"{""prozent_bu"":50,""prognose_zeitraum_monate"":6,""verzicht_abstrakte_verweisung"":true,""dynamik"":true}",2006,1000,50.00,eur_monat
ERGO,BU Best,"{""prozent_bu"":50,""prognose_zeitraum_monate"":6,""verzicht_abstrakte_verweisung"":true,""dynamik"":true}",2006,1500,75.00,eur_monat
ERGO,BU Best,"{""prozent_bu"":50,""prognose_zeitraum_monate"":6,""verzicht_abstrakte_verweisung"":true,""dynamik"":true}",2006,2000,100.00,eur_monat
ERGO,BU Best,"{""prozent_bu"":50,""prognose_zeitraum_monate"":6,""verzicht_abstrakte_verweisung"":true,""dynamik"":true}",2006,2500,125.00,eur_monat
ERGO,BU Best,"{""prozent_bu"":50,""prognose_zeitraum_monate"":6,""verzicht_abstrakte_verweisung"":true,""dynamik"":true}",2006,3000,150.00,eur_monat
Swiss Life,MetallRente.BU,"{""prozent_bu"":50,""prognose_zeitraum_monate"":6,""verzicht_abstrakte_verweisung"":true,""dynamik"":true}",2006,1000,45.00,eur_monat
Swiss Life,MetallRente.BU,"{""prozent_bu"":50,""prognose_zeitraum_monate"":6,""verzicht_abstrakte_verweisung"":true,""dynamik"":true}",2006,1500,67.50,eur_monat
Swiss Life,MetallRente.BU,"{""prozent_bu"":50,""prognose_zeitraum_monate"":6,""verzicht_abstrakte_verweisung"":true,""dynamik"":true}",2006,2000,90.00,eur_monat
Swiss Life,MetallRente.BU,"{""prozent_bu"":50,""prognose_zeitraum_monate"":6,""verzicht_abstrakte_verweisung"":true,""dynamik"":true}",2006,2500,112.50,eur_monat
Swiss Life,MetallRente.BU,"{""prozent_bu"":50,""prognose_zeitraum_monate"":6,""verzicht_abstrakte_verweisung"":true,""dynamik"":true}",2006,3000,135.00,eur_monat
